brand,town,country,type,keyword
2 Towns Ciderhouse,"Corvallis, Oregon",USA,,2-towns-ciderhouse
5 Seeds Cider,Lidcombe,Australia,,5-seeds
Ace Cider,"Sebastopol, California",USA,,ace
Angry Orchard,"Walden, New York",USA,,angry-orchard
Arsenal Cider House,"Pittsburgh, Pennsylvania",USA,,arsenal
Aspall Cyder,Debenham,United Kingdom,,aspall
Bantam Cider,"Somerville, Massachusetts",USA,,bantam
Black Star,Bedford,United Kingdom,,black-star
Blackthorn Cider,Shepton Mallet,United Kingdom,,blackthorn
Bold Rock Hard Cider,"Nellysford, Virginia",USA,,bold-rock
Brothers Cider,"Shepton Mallet, Somerset",United Kingdom,,brothers
H. P. Bulmer,"Hereford, Herefordshire",United Kingdom,hard cider,h-p-bulmer
Lost Boy Cider,Alexandria Virginia,USA,hard cider,lost-boy
Bulmers,"Clonmel, South Tipperary",Ireland,hard cider,bulmers
Burrow Hill Cider,"Martock, Somerset",United Kingdom,hard cider,burrow-hill
Carling Cider,"London, Ontario",Canada,,carling
Ciderboys,"Stevens Point, Wisconsin",USA,,ciderboys
Cidergeist,"Cincinnati, Ohio",USA,,cidergeist
Crispin Cider,"Colfax, California",USA,,crispin
Cydr Lubelski,Lublin,Poland,,cydr-lubelski
Downeast Cider House,"Boston, Massachusetts",USA,,downeast
Doc’s Cider,"Warwick, New York",USA,,docs
Fizz,Iisalmi,Finland,,fizz
Fox Barrel Cider,"Colfax, California",USA,,fox-barrel
Frosty Jack Cider,"Aston, Birmingham",United Kingdom,,frosty-jack
Gaymer Cider Company,,United Kingdom,,gaymer
Harpoon Brewery,"Windsor, Vermont and Boston, Massachusetts",USA,,harpoon-brewery
Herrljunga Cider,Herrljunga,Sweden,soft cider,herrljunga
K Cider,Bath,United Kingdom,,k-cider
Kingstone Press Cider,,United Kingdom,,kingstone-press
Kopparbergs,Kopparberg,Sweden,soft cider,kopparbergs
Magners Irish Cider,,Ireland,hard cider,magners-irish
Mercury Cider,"Hobart, Tasmania",Australia,hard cider,mercury
Merrydown,East Sussex,United Kingdom,,merrydown
Orchard Crush,"Camperdown, New South Wales",Australia,,orchard-crush
Orchard Pig,Somerset,United Kingdom,,orchard-pig
Miłosławski,Miłosław,Poland,,miloslawski
Monteiths Crushed Apple Cider,,New Zealand,,monteiths-crushed-apple
Old Rosie,"Much Marcle, Herefordshire",United Kingdom,hard cider,old-rosie
Pomagne,Hereford,United Kingdom,,pomagne
Rabbits Foot Meadery,"Sunnyvale, California",USA,,rabbits-foot-meadery
Rekorderlig Cider,Vimmerby,Sweden,soft cider,rekorderlig
Samuel Smith Old Brewery,"Tadcaster, North Yorkshire",United Kingdom,,samuel-smith-old-brewery
Savanna Cider,"Springs, Gauteng",South Africa,dry cider,savanna
Schneewittchen Cidre,"Martinsmoos, Black Forest",Germany,,schneewittchen
Scrumpy Jack by Bulmer,,United Kingdom,hard cider,scrumpy-jack
Somersby cider,Copenhagen,Denmark,soft cider,somersby
Stella Artois cider brand,,Belgium,,stella-artois
Stonewell Cider,"Nohoval, County Cork",Ireland,,stonewell
Stowford Press,"Much Marcle, Herefordshire",United Kingdom,,stowford-press
Strongbow Cider,Hereford,United Kingdom,hard cider,strongbow
Superstition Meadery,"Prescott, Arizona",USA,,superstition-meadery
Taunton Cider Company,"Churchstanton, Somerset",UK,,taunton
Thatchers Cider,Somerset,United Kingdom,hard cider,thatchers
Three Hammers,"Tiverton, Devon",United Kingdom,,three-hammers
Three Oaks Cider,,Australia,,three-oaks
White Crow Cider Co,"Wichita, Kansas",USA,Hard Cider,white-crow
White Star,Somerset,United Kingdom,,white-star
Willie Smith's,Tasmania,Australia,,willie-smiths
Woodchuck Hard Cider,"Middlebury, Vermont",USA,hard cider,woodchuck
Woodpecker Cider,Herefordshire,United Kingdom,hard cider,woodpecker
Young Henrys Cloudy Cider,"Newtown, New South Wales",Australia,,young-henrys-cloudy
