brand,keywords,town,country,type
2 Towns Ciderhouse,2 Towns Ciderhouse,"Corvallis, Oregon",USA,
5 Seeds Cider,5 Seeds Cider|5 Seeds,Lidcombe,Australia,
Ace Cider,Ace Cider|Ace,"Sebastopol, California",USA,
Angry Orchard,Angry Orchard,"Walden, New York",USA,
Arsenal Cider House,Arsenal Cider House|Arsenal,"Pittsburgh, Pennsylvania",USA,
Aspall Cyder,Aspall Cyder|Aspall,Debenham,United Kingdom,
Bantam Cider,Bantam Cider|Bantam,"Somerville, Massachusetts",USA,
Black Star,Black Star,Bedford,United Kingdom,
Blackthorn Cider,Blackthorn Cider|Blackthorn,Shepton Mallet,United Kingdom,
Bold Rock Hard Cider,Bold Rock Hard Cider|Bold Rock Hard|Bold Rock,"Nellysford, Virginia",USA,
Brothers Cider,Brothers Cider|Brothers,"Shepton Mallet, Somerset",United Kingdom,
H. P. Bulmer,H. P. Bulmer,"Hereford, Herefordshire",United Kingdom,hard cider
Lost Boy Cider,Lost Boy Cider|Lost Boy,Alexandria Virginia,USA,hard cider
Bulmers,Bulmers,"Clonmel, South Tipperary",Ireland,hard cider
Burrow Hill Cider,Burrow Hill Cider|Burrow Hill,"Martock, Somerset",United Kingdom,hard cider
Carling Cider,Carling Cider|Carling,"London, Ontario",Canada,
Ciderboys,Ciderboys,"Stevens Point, Wisconsin",USA,
Cidergeist,Cidergeist,"Cincinnati, Ohio",USA,
Crispin Cider,Crispin Cider|Crispin,"Colfax, California",USA,
Cydr Lubelski,Cydr Lubelski,Lublin,Poland,
Downeast Cider House,Downeast Cider House|Downeast,"Boston, Massachusetts",USA,
Doc’s Cider,Doc’s Cider|Doc’s,"Warwick, New York",USA,
Fizz,Fizz,Iisalmi,Finland,
Fox Barrel Cider,Fox Barrel Cider|Fox Barrel,"Colfax, California",USA,
Frosty Jack Cider,Frosty Jack Cider|Frosty Jack,"Aston, Birmingham",United Kingdom,
Gaymer Cider Company,Gaymer Cider Company|Gaymer,,United Kingdom,
Harpoon Brewery,Harpoon Brewery,"Windsor, Vermont and Boston, Massachusetts",USA,
Herrljunga Cider,Herrljunga Cider|Herrljunga,Herrljunga,Sweden,soft cider
K Cider,K Cider,Bath,United Kingdom,
Kingstone Press Cider,Kingstone Press Cider|Kingstone Press,,United Kingdom,
Kopparbergs,Kopparbergs,Kopparberg,Sweden,soft cider
Magners Irish Cider,Magners Irish Cider|Magners Irish,,Ireland,hard cider
Mercury Cider,Mercury Cider|Mercury,"Hobart, Tasmania",Australia,hard cider
Merrydown,Merrydown,East Sussex,United Kingdom,
Orchard Crush,Orchard Crush,"Camperdown, New South Wales",Australia,
Orchard Pig,Orchard Pig,Somerset,United Kingdom,
Miłosławski,Miłosławski,Miłosław,Poland,
Monteiths Crushed Apple Cider,Monteiths Crushed Apple Cider|Monteiths Crushed Apple,,New Zealand,
Old Rosie,Old Rosie,"Much Marcle, Herefordshire",United Kingdom,hard cider
Pomagne,Pomagne,Hereford,United Kingdom,
Rabbits Foot Meadery,Rabbits Foot Meadery,"Sunnyvale, California",USA,
Rekorderlig Cider,Rekorderlig Cider|Rekorderlig,Vimmerby,Sweden,soft cider
Samuel Smith Old Brewery,Samuel Smith Old Brewery,"Tadcaster, North Yorkshire",United Kingdom,
Savanna Cider,Savanna Cider|Savanna,"Springs, Gauteng",South Africa,dry cider
Schneewittchen Cidre,Schneewittchen Cidre|Schneewittchen,"Martinsmoos, Black Forest",Germany,
Scrumpy Jack by Bulmer,Scrumpy Jack by Bulmer|Scrumpy Jack,,United Kingdom,hard cider
Somersby cider,Somersby cider|Somersby,Copenhagen,Denmark,soft cider
Stella Artois cider brand,Stella Artois cider brand|Stella Artois,,Belgium,
Stonewell Cider,Stonewell Cider|Stonewell,"Nohoval, County Cork",Ireland,
Stowford Press,Stowford Press,"Much Marcle, Herefordshire",United Kingdom,
Strongbow Cider,Strongbow Cider|Strongbow,Hereford,United Kingdom,hard cider
Superstition Meadery,Superstition Meadery,"Prescott, Arizona",USA,
Taunton Cider Company,Taunton Cider Company|Taunton,"Churchstanton, Somerset",UK,
Thatchers Cider,Thatchers Cider|Thatchers,Somerset,United Kingdom,hard cider
Three Hammers,Three Hammers,"Tiverton, Devon",United Kingdom,
Three Oaks Cider,Three Oaks Cider|Three Oaks,,Australia,
White Crow Cider Co,White Crow Cider Co|White Crow,"Wichita, Kansas",USA,Hard Cider
White Star,White Star,Somerset,United Kingdom,
Willie Smith's,Willie Smith's,Tasmania,Australia,
Woodchuck Hard Cider,Woodchuck Hard Cider|Woodchuck Hard|Woodchuck,"Middlebury, Vermont",USA,hard cider
Woodpecker Cider,Woodpecker Cider|Woodpecker,Herefordshire,United Kingdom,hard cider
Young Henrys Cloudy Cider,Young Henrys Cloudy Cider|Young Henrys Cloudy,"Newtown, New South Wales",Australia,
